Current CV Strengths,Current CV Weaknesses,Missing Industry Keywords,Recommended Action Verbs
Clear job title and contact information,Inconsistent formatting and bullet points,Cloud Infrastructure,Architected
10+ years experience clearly stated,Missing ATS optimization keywords,DevOps,Spearheaded
Good technical skills coverage,Limited use of action verbs,Infrastructure as Code,Orchestrated
"Quantified achievements (99.9% uptime, 35% efficiency)",No professional summary at top,Agile Methodology,Implemented
AI/Generative AI focus well positioned,Education section needs enhancement,SCRUM,Optimized
Multilingual capabilities mentioned,Missing modern certifications,ITIL Framework,Streamlined
Recent relevant experience at Fort Energy,Lacks visual hierarchy,Disaster Recovery,Automated
Mix of technical and soft skills,No LinkedIn/portfolio links,Business Continuity,Deployed
,Projects section needs better structure,Vendor Management,Enhanced
,Missing key IT industry buzzwords,SLA Management,Collaborated
,,Change Management,Delivered
,,Incident Response,Managed
,,Performance Optimization,Developed
,,System Monitoring,Configured
,,Digital Transformation,Monitored
,,Process Automation,Troubleshot
,,API Integration,Resolved
,,Microservices,Integrated
,,Containerization,
,,Virtualization,
